{"step": 0.0, "radius": 0.7903854371898811, "mass": 0.0, "gas_constant": 3.385193147213109, "rest_density": 0.9696094936139866, "thermal_conductivity": 0.026041070188412396, "small_positive": 0.25688544784392287, "viscosity": 0.11503785439930869, "damping_coefficient": 99.42240693615025, "damping_threshold": 1.6075590322122213, "radiation_half_life": 680.1956991518632, "buoyancy_coefficient": 0.5877671738223711, "buoyancy_direction": [0.0, 1.0, 0.0], "gravity": [0.0, -9.82, 0.0], "virtual_particle": [0.0, 0.01828, 0.0]}