{"step": 0.07298128046857086, "radius": 0.3691177427517481, "mass": 0.01832515702606971, "gas_constant": 3.034340712605039, "rest_density": 1.053700972546074, "thermal_conductivity": 0.015234355561444667, "small_positive": 0.4114090431954422, "viscosity": 0.026057045979187364, "damping_coefficient": 100.1138954888955, "damping_threshold": 0.7916742511531935, "radiation_half_life": 680.0364844002227, "buoyancy_coefficient": 0.8353415340237669, "buoyancy_direction": [0.0, 1.0, 0.0], "gravity": [0.0, -9.82, 0.0], "virtual_particle": [0.0, 0.01828, 0.0]}