{"step": 0.07642401038253788, "radius": 0.47480556273306324, "mass": 0.020061441266529187, "gas_constant": 3.4183351053368165, "rest_density": 1.0211840090397788, "thermal_conductivity": 0.03610842155713233, "small_positive": 0.12032149128614027, "viscosity": 0.219993828098278, "damping_coefficient": 99.61505286831755, "damping_threshold": 1.3550317336858473, "radiation_half_life": 680.2966429957139, "buoyancy_coefficient": 0.720504024405501, "buoyancy_direction": [0.0, 1.0, 0.0], "gravity": [0.0, -9.82, 0.0], "virtual_particle": [0.0, 0.01828, 0.0]}