{"step": 0.7525402780777517, "radius": 0.7620263400047304, "mass": 0.3068394388727934, "gas_constant": 3.1863279291992512, "rest_density": 0.7770571454183111, "thermal_conductivity": 0.13973315376481238, "small_positive": 0.0, "viscosity": 0.11971058830761958, "damping_coefficient": 99.39651272751802, "damping_threshold": 0.5614408605868302, "radiation_half_life": 679.8922210495656, "buoyancy_coefficient": 0.539873118376363, "buoyancy_direction": [0.0, 1.0, 0.0], "gravity": [0.0, -9.82, 0.0], "virtual_particle": [0.0, 0.01828, 0.0]}