{"step": 0.5809424084695607, "radius": 0.8229990188708983, "mass": 0.2797002263600641, "gas_constant": 3.045403561070278, "rest_density": 0.9471194988891025, "thermal_conductivity": 0.04823289361425198, "small_positive": 0.0, "viscosity": 0.0, "damping_coefficient": 99.26167232051026, "damping_threshold": 0.37805289903084416, "radiation_half_life": 679.885393295692, "buoyancy_coefficient": 0.48905626956440396, "buoyancy_direction": [0.0, 1.0, 0.0], "gravity": [0.0, -9.82, 0.0], "virtual_particle": [0.0, 0.01828, 0.0]}